ID,TARGET
0378-NHQXU,0.5054835642316592
4745-LSPLO,0.3774871806828613
5144-TVGLP,0.5229865360056405
3422-GALYP,0.642426726023047
5630-IXDXV,0.5195888845102138
0668-OGMHD,0.3569638897671838
7233-DRTRF,0.48069319289635554
8229-TNIQA,0.4569527608607199
8778-LMWTJ,0.4863723431314476
3474-BAFSJ,0.2476226572797965
2569-WGERO,0.22880503771338018
9804-ICWBG,0.633187142799798
1322-AGOQM,0.3046444254455694
8065-YKXKD,0.5630314953816153
7030-NJVDP,0.37253020073871473
0621-CXBKL,0.2299570523125843
5039-LZRQT,0.2492409826899748
4628-CTTLA,0.34691819401659857
9365-SRSZE,0.4628135224852172
2709-UQGNP,0.347854805027992
1226-IENZN,0.5430367232862741
0017-DINOC,0.24381127175292613
9150-KPBJQ,0.24732562341433836
8246-SHFGA,0.2762574554064006
3143-JQEGI,0.5333101240901267
3451-VAWLI,0.23770602390165013
4009-ALQFH,0.5129628465903665
9871-ELEYA,0.2509246390718893
7683-CBDKJ,0.33988721585085063
8023-QHAIO,0.3475391097826985
9894-QMIMJ,0.25361096996278154
9617-UDPEU,0.24908364581214726
6770-UAYGJ,0.23350637922011094
7089-IVVAZ,0.5879469846559174
5168-MQQCA,0.3479453588122707
9992-UJOEL,0.47568587061050144
0587-DMGBH,0.4058637655103796
3352-ALMCK,0.48654440752106026
6022-KOUQO,0.4740259176803794
5312-IRCFR,0.3161199553321401
2386-OWURY,0.39333629911296336
5669-SRAIP,0.4940028794421234
3891-PUQOD,0.5378085833830026
2379-ENZGV,0.5795368654795655
9508-ILZDG,0.4669054278192606
3055-VTCGS,0.24974988728083394
0537-QYZZN,0.4607193623905932
3027-ZTDHO,0.694282045665281
4770-UEZOX,0.5837523722137242
8735-IJJEG,0.3404252940467091
5998-VVEJY,0.40596674559645934
0824-VWDPO,0.2876423743125789
6551-VLJMV,0.23564995426528645
5583-EJXRD,0.241054935378194
0376-YMCJC,0.45274188072183963
9474-PHLYD,0.39668159385158297
9972-EWRJS,0.2359595098521075
3209-ZPKFI,0.2964676778060001
6542-LWGXJ,0.4895227722020695
9305-CDSKC,0.6742961544977887
2672-TGEFF,0.47438579349760485
2921-XWDJH,0.4447455149974469
3780-DDGSE,0.33025650065824
9500-LTVBP,0.3336608619960978
1480-IVEVR,0.329977127285343
8189-DUKMV,0.2746040182929373
7721-DVEKZ,0.4028258983062257
0750-EBAIU,0.29495451707270687
6817-WTYHE,0.4876664930029618
2883-ILGWO,0.406433837799229
0420-TXVSG,0.23149551776358632
0761-AETCS,0.404728695484345
1074-WVEVG,0.23733218032096298
3389-KTRXV,0.2343654312543495
5018-GWURO,0.4246243953100625
8138-EALND,0.2806946486173308
1960-UOTYM,0.2548450282339463
0547-HURJB,0.28284318086094606
8715-KKTFG,0.35931368356088206
8329-IBCTI,0.4028258983062257
5478-JJVZK,0.2911957360027704
5440-FLBQG,0.29539121562986353
3023-GFLBR,0.4070863197021344
6173-ITPWD,0.3939193069964511
1202-KKGFU,0.325699081632584
8792-AOROI,0.25763727111295
1096-ADRUX,0.2824782307995313
0489-WMEMG,0.3001070159738126
6825-UYPFK,0.3945319156726088
6538-POCHL,0.36927813174155993
4192-GORJT,0.632067463583521
1867-TJHTS,0.3251323459165209
0654-PQKDW,0.252011969725991
6559-ILWKJ,0.2542610224132858
6248-TKCQV,0.2555611370844602
7607-QKKTJ,0.3170939657774404
8681-ICONS,0.26748108231629075
1063-DHQJF,0.2554106749575308
4256-ZWTZI,0.4151635965919857
3374-PZLXD,0.2577685188571049
0221-WMXNQ,0.4932460543396853
9281-OFDMF,0.45700220949479775
8818-XYFCQ,0.43679533679156546
8155-IBNHG,0.43088696635429696
6435-VWCCY,0.26314386040016935
3363-DTIVD,0.278092769186987
6214-EDAKZ,0.28466484221444044
2209-XADXF,0.5373592455694881
5858-EAFCZ,0.49347352467081174
0975-UYDTX,0.2847858682162292
9190-MFJLN,0.5186961794264544
2391-IPLOP,0.29061544262857164
3679-XASPY,0.4002699209388904
6627-CFOSN,0.34757476213002725
3970-XGJDU,0.2361691493339027
7426-GSWPO,0.4035040034996054
5276-KQWHG,0.5947026452341375
9073-ZZIAY,0.23926053604510578
6345-ULYRW,0.3159488928383361
0461-CVKMU,0.3409366448827102
4989-LIXVT,0.4361183232050315
5956-YHHRX,0.603830842462717
3751-KTZEL,0.516122076047785
7596-LDUXP,0.3594398530538063
9885-CSMWE,0.6591058856361427
5995-WWKKG,0.2629862086432758
0018-NYROU,0.5403890277975999
4683-WYDOU,0.30901888976933134
1272-ILHFG,0.24712811759906572
4486-EFAEB,0.3176454719362714
2868-MZAGQ,0.6740621226581626
5173-ZXXXL,0.2785299647592612
1452-XRSJV,0.287584223662649
2054-PJOCK,0.2736529233193139
7798-JVXYM,0.4101637542235345
2460-NGXBJ,0.5355815095078499
7718-RXDGG,0.4411311341200698
1552-AAGRX,0.40845752760544485
1100-DDVRV,0.41049925544601584
4396-KLSEH,0.37054919230885147
6625-UTXEW,0.374973573587915
1024-KPRBB,0.3505079423679891
6994-KERXL,0.486126848088099
6207-WIOLX,0.32246918919510226
3530-CRZSB,0.30898715225369444
2235-EZAIK,0.23319743527521583
5404-GGUKR,0.4394158726696544
9244-ZVAPM,0.4941768992162663
8039-EQPIM,0.2366408301441593
9560-ARGQJ,0.5388705491380313
9675-ICXCT,0.25344796775146733
7061-OVMIM,0.24676083931072404
0378-TOVMS,0.5422440631221245
5320-BRKGK,0.24371571774118247
5174-ITUMV,0.3727275979791185
2081-VEYEH,0.5949922477075805
2683-JXWQQ,0.27015986027851574
2120-SMPEX,0.26648141686174526
0495-ZBNGW,0.6136358327845429
9919-KNPOO,0.5756464127496532
5504-WSIUR,0.26609750592576215
7225-IILWY,0.22888703987320091
2898-MRKPI,0.35443076044937816
4102-OQUPX,0.6859608932060396
3916-NRPAP,0.530759254260639
9904-EHEVJ,0.4859892070747716
7860-UXCRM,0.2343484399089191
9415-ZNBSX,0.24423417384635865
0707-HOVVN,0.244498688978926
5197-LQXXH,0.23875910774665435
5115-GZDEL,0.22881698355424024
1841-YSJGV,0.2684093595713022
7421-ZLUPA,0.434063329994408
7938-OUHIO,0.6073657997761743
9611-CTWIH,0.6574649181289755
4369-NYSCF,0.2752656383199411
6122-LJADA,0.24204228002817688
6728-DKUCO,0.31659234769940353
9895-VFOXH,0.47179474936219623
3097-PYWXL,0.3717874176044832
1084-MNSMJ,0.24351874673442453
8215-NGSPE,0.23455350230255526
5133-VRSAB,0.3518955633914788
5299-SJCZT,0.7013388383091096
0771-WLCLA,0.5225849512059034
9249-FXSCK,0.3393768458706404
1621-YNCJH,0.285757024310772
5174-RNGBH,0.3284047809792859
5716-LIBJC,0.43486939439468064
0969-RGKCU,0.2449796324016331
8637-XJIVR,0.5037207717349658
6686-YPGHK,0.340807200661832
5153-RTHKF,0.47487745961327366
6656-GULJQ,0.24537461000320476
5385-SUIRI,0.48715936889258143
5228-EXCET,0.5430667904462118
9821-POOTN,0.47101957879183737
7560-QJAVJ,0.24414253733083902
9481-WHGWY,0.24641106096720264
1945-XISKS,0.2300257172167254
9481-IEBZY,0.2933054292564682
8174-TBVCF,0.247885340209995
9734-YWGEX,0.5623953670014116
7249-WBIYX,0.6125032323846569
2256-YLYLP,0.2497434942918344
7968-QUXNS,0.30343946163131885
8706-HRADD,0.3285945585354131
6647-ZEDXT,0.3434258453099929
5709-LVOEQ,0.2905472170944214
0215-BQKGS,0.34216886358096293
1971-DTCZB,0.24228911685196322
2538-OIMXF,0.49160629663492345
2087-QAREY,0.30266859012608865
1166-PQLGG,0.22839307889983107
2223-GDSHL,0.22374104514863166
0222-CNVPT,0.35759260493361344
2654-VBVPB,0.4169421102489323
1088-CNNKB,0.2529431851816244
5222-IMUKT,0.46860315123846735
0083-PIVIK,0.2644880288413896
8292-ITGYJ,0.23825283155327895
0723-VSOBE,0.31221798091907554
9070-BCKQP,0.277549881186308
3186-AJIEK,0.28626424792716004
9058-MJLZC,0.48831461844172164
8677-HDZEE,0.3976543428217336
3750-CKVKH,0.5713747065698349
1915-OAKWD,0.25882973711080703
4581-SSPWD,0.6277825381219411
4116-IQRFR,0.2606506527031949
7519-JTWQH,0.294739558230212
4726-DLWQN,0.3213624094116609
2079-FBMZK,0.4925655814989014
1656-DRSMG,0.375062563240603
9576-SYUHJ,0.4546849819297446
5685-IIXLY,0.5784987769009424
2186-QZEYA,0.33581772991326725
3370-HXOPH,0.5875070981480103
4476-OSWTN,0.31995176894525934
9488-HGMJH,0.6465222273410033
6689-TCZHQ,0.5705507554935043
4074-SJFFA,0.5357892938232205
4501-EQDRN,0.5939667306942542
1187-WILMM,0.24140551981784703
7277-KAMWT,0.2406278251111979
1346-UFHAX,0.46341721251238666
6379-RXJRQ,0.5024438462506069
5701-ZIKJE,0.33627894687030496
7993-NQLJE,0.37373888975091984
6198-RTPMF,0.539541714925746
5789-LDFXO,0.2584983399692012
8225-BTJAU,0.5719914737084643
3908-MKIMJ,0.26295100829833223
3982-XWFZQ,0.34711250260441295
5574-NXZIU,0.2724254381220235
2091-RFFBA,0.5035440215070823
7980-MHFLQ,0.22500685316648655
9574-RKJIF,0.43700669611158965
7861-UVUFT,0.5447124655016677
1120-BMWUB,0.30800537906691056
7480-QNVZJ,0.5524304969492271
7054-DMVAS,0.23948116328629135
3133-PZNSR,0.2485858464104925
9415-DPEWS,0.48984588072183954
4079-VTGLK,0.2981124751806821
8739-XNIKG,0.6469833573924795
8590-OHDIW,0.24145184280428492
5834-ASPWA,0.6771636902719694
3587-PMCOY,0.4581103149730257
0567-GGCAC,0.3392620475918229
6502-KUGLL,0.2936545176867529
2141-RRYGO,0.448796271798317
2371-KFUOG,0.3017749231730765
6061-GWWAV,0.25503663384843694
3946-MHCZW,0.4924704610344481
7402-EYFXX,0.5833248263898668
6732-VAILE,0.2435617448168981
4510-PYUSH,0.3199166759155614
3973-SKMLN,0.22763230771338014
1696-HXOWK,0.2670953259431761
2758-RNWXS,0.298318335254172
3580-GICBM,0.23093937260707134
5522-JBWMO,0.5362234362401636
4554-YGZIH,0.4028152740995022
9297-EONCV,0.24048779139741777
2043-WVTQJ,0.425410415705435
8480-PPONV,0.2668682078861816
6230-BSUXY,0.6701165820876216
0404-SWRVG,0.6143256999401229
2609-IAICY,0.6965458884537876
8966-OIQHG,0.24576963276526947
7649-SIJJF,0.22905564733955272
8152-VETUR,0.30085203300373137
9795-NREXC,0.2533881848007247
5993-JSUWV,0.2304331672058999
2834-JRTUA,0.2804176408412762
5968-XQIVE,0.3288617945484816
8735-DCXNF,0.3360464098891941
5451-YHYPW,0.22407213450653146
5743-KHMNA,0.2276049527110955
7923-IYJWY,0.27533800297544325
5707-ZMDJP,0.24025387717599936
8218-FFJDS,0.24036845030650866
7255-SSFBC,0.2822609063232732
9497-QCMMS,0.737480095943391
5117-ZSMHQ,0.2361064520538447
1450-GALXR,0.5917721734883871
5630-AHZIL,0.41245073743567295
2868-SNELZ,0.5658779555141301
2696-ECXKC,0.3120340317048659
6925-BAYGL,0.24438446268008837
7359-SSBJK,0.2384347254566203
8076-FEZKJ,0.25035698105361115
5298-GSTLM,0.3413858628696449
9818-XQCUV,0.3485097715919522
6635-CPNUN,0.41031724367927336
7251-LJBQN,0.37539350935392174
1897-RCFUM,0.24417235508624843
0946-FKYTX,0.251904647459471
8966-SNIZF,0.23336253244257021
5167-ZFFMM,0.6478030073431851
1156-ZFYDO,0.41163093874157386
9153-BTBVV,0.2279840981656409
1699-TLDLZ,0.23975634596438092
8885-QSQBX,0.4527986743018515
2999-AANRQ,0.2519349031359878
6240-EURKS,0.4322051894806305
3162-ZJZFU,0.3491985378774734
8089-UZWLX,0.3089530398779523
7973-DZRKH,0.25181194806334545
1309-BXVOQ,0.5240940881631041
0549-CYCQN,0.31149701026912185
6331-LWDTQ,0.44177918680211886
7349-ALMUX,0.2396243976049438
8752-IMQOS,0.2583729403785672
3569-VLDHH,0.2570805718928382
5095-ETBRJ,0.23080890212288963
3422-WJOYD,0.24213025241380517
0238-WHBIQ,0.23475749278111743
9079-YEXQJ,0.38830021000161835
7776-QGYJC,0.34245825957744813
0115-TFERT,0.4947137133087437
9691-HKOVS,0.28256691559775177
3717-OFRTN,0.40201542479438684
4958-GZWIY,0.4263699647764989
6497-TILVL,0.3414157419416299
9571-EDEBV,0.3416420112530078
2848-YXSMW,0.2276341076127094
7854-FOKSF,0.582020535169655
2826-UWHIS,0.359640975151075
2506-CLAKW,0.5138839887262259
8903-WMRNW,0.5212455652950886
0224-HJAPT,0.46619600189412236
0815-MFZGM,0.2988768257812197
5839-SUYVZ,0.4021142351804432
8393-DLHGA,0.4903209847721846
8033-ATFAS,0.30674919730709904
0568-ONFPC,0.32982675646503423
7644-OMVMY,0.2497685972493776
3097-FQTVJ,0.23422783539346437
2690-DVRVK,0.2733317281018726
2612-RANWT,0.6320728595769803
4030-VPZBD,0.5590650191834114
4729-XKASR,0.5568281042740981
9541-ZPSEA,0.2334710902778963
1139-WUOAH,0.24686794676381058
0394-YONDK,0.23096190898878027
2786-GCDPI,0.47144161270503193
3401-URHDA,0.2480924629720957
8328-SKJNO,0.24047891572763241
5295-PCJOO,0.43785935245846014
9795-SHUHB,0.23452060294536148
4647-XXZAM,0.40109534391105567
3831-YCPUO,0.2546988025245784
7598-UAASY,0.5732665631965217
0679-TDGAK,0.2866300794965355
6439-GTPCA,0.3828438597883471
1834-WULEG,0.24133571553155767
3420-ZDBMA,0.5346413049772382
5701-YVSVF,0.5328896297711919
0916-KNFAJ,0.237673118450539
7511-YMXVQ,0.5211636915276865
4210-QFJMF,0.6143898734637205
5549-ZGHFB,0.23207949085647453
5539-HIVAK,0.2974674311870794
3500-NSDOA,0.23298530061059716
6766-HFKLA,0.2954535129638393
5930-GBIWP,0.24087231492756536
8815-LMFLX,0.2694660666377836
6833-JMZYP,0.5275172132820148
4760-THGOT,0.4161469439769625
1561-BWHIN,0.2440517791679213
2530-FMFXO,0.31403894871581023
1450-SKCVI,0.35546623846891573
4547-FZJWE,0.2568102566765333
6394-MFYNG,0.47702136205574464
7632-YUTXB,0.24257870062246675
4959-JOSRX,0.5122339851978276
2632-TACXW,0.23305821439241675
0939-EREMR,0.3226443739167684
1930-WNXSB,0.415702642178648
3426-NIYYL,0.3921746536123319
4318-RAJVY,0.25949798199612567
9146-JRIOX,0.2771615111098801
5561-NWEVX,0.6125390863281744
4713-ZBURT,0.3200115378291091
6968-MHOMU,0.29800024595644636
9968-FFVVH,0.23792070743637783
1875-QIVME,0.6620508657448974
0032-PGELS,0.4614883429519798
7460-ITWWP,0.4589793282033429
3376-BMGFE,0.5539684758158689
8837-VVWLQ,0.5040079807420038
7130-VTEWQ,0.5973944072832711
7758-UJWYS,0.27823161621202663
7552-KEYGT,0.23751606662892286
5980-BDHPY,0.23876402957923595
2665-NPTGL,0.5596130153187866
3549-ZTMNH,0.2433025721335059
6749-UTDVX,0.35303716423875237
9824-QCJPK,0.24637215534973947
8780-RSYYU,0.27316946774273587
6954-OOYZZ,0.35718366675964547
8961-QDZZJ,0.35494182628806875
5213-TWWJU,0.3519026080422771
6137-NICCO,0.5887193496171093
0906-QVPMS,0.2221182631544768
5780-INQIK,0.3946326481385755
2958-NHPPS,0.27558169270715255
6447-EGDIV,0.24233337207701225
3129-AAQOU,0.23631157379980403
2211-RMNHO,0.2405550621596725
2320-TZRRH,0.24485620734973948
0402-OAMEN,0.22773719652927732
8544-GOQSH,0.44135761610216573
4424-TKOPW,0.7070250232161184
0947-MUGVO,0.4774701081113531
5022-JNQEQ,0.500588168220621
4013-TLDHQ,0.4558192903247421
0133-BMFZO,0.49754915135807853
9426-SXNHE,0.3464032592598842
3452-SRFEG,0.3864387863221275
8917-FAEMR,0.23484986630255528
8818-DOPVL,0.5488933394254437
2962-XPMCQ,0.5368560227840069
7328-OWMOM,0.24627179512890585
2307-FYNNL,0.29215955347087574
2504-DSHIH,0.5037018768214536
9586-JGQKH,0.2898938646714466
8268-YDIXR,0.2916503578765727
2925-MXLSX,0.27795426496786274
2954-PIBKO,0.23702237335734827
1488-SYSFC,0.284186670990539
9060-HJJRW,0.29192984753964646
3249-ZPQRG,0.5414753818266425
1000-AJSLD,0.4336535453737636
2276-YDAVZ,0.5748319309722932
7191-ADRGF,0.2552588838532133
0895-DQHEW,0.5118610154193048
4391-LNRXK,0.3626674155180191
0481-SUMCB,0.4059022352747102
5307-UVGNB,0.30743446260807655
2587-YNLES,0.24281636200351608
6211-WWLTF,0.26413886188270985
5186-SAMNZ,0.6319406742113078
1697-BCSHV,0.2944819981315295
0744-GKNGE,0.29334018045222926
3635-JBPSG,0.2762596794114055
5788-YPOEG,0.24835345036441236
3217-FZDMN,0.591127843107302
7115-IRDHS,0.2275750187110955
6620-JDYNW,0.3215829839657746
6188-UXBBR,0.24850313249653658
7789-HKSBS,0.3659338978917879
5176-LMJXE,0.23627621668251247
9378-FXTIZ,0.29936490588107584
6625-FLENO,0.23034131911945888
6242-SGYTS,0.28653096843757353
5599-HVLTW,0.5611104567805771
2773-OVBPK,0.2983668418665756
9206-GVPEQ,0.41729520659188535
1104-TNLZA,0.5024937150090988
3104-OWCGK,0.29934220746873863
1642-HMARX,0.2529877568983204
4909-JOUPP,0.2701372779748124
9330-VOFSZ,0.2935975828532648
9558-IHEZX,0.27321741490579726
6166-YIPFO,0.23985316030116377
3325-FUYCG,0.3594474922836733
1304-SEGFY,0.32970784532733677
9667-EQRXU,0.4507055939804059
5868-CZJDR,0.5343512353461558
2232-DMLXU,0.5098462689598213
7153-CHRBV,0.23823578066277962
6184-DYUOB,0.3646967157670763
9747-DDZOS,0.5842273125124361
3572-UUHRS,0.24032990454131428
1357-MVDOZ,0.38716366874257097
1728-CXQBE,0.43205697319246744
7129-AZJDE,0.3238953864768693
1830-GGFNM,0.24160051845962863
4698-KVLLG,0.24609594339679422
8714-EUHJO,0.48240175818958336
4912-PIGUY,0.7173332515982077
4373-VVHQL,0.5671823703857123
2546-KZAAT,0.27197242560581825
2568-BRGYX,0.5566298823430545
3658-QQJYD,0.26607803950638775
5692-FPTAH,0.5316238975829111
7619-PLRLP,0.25453679035980964
6380-ARCEH,0.39910588431922495
3520-FJGCV,0.22172476969408622
8180-AKMJV,0.5334456617501674
4425-OWHWB,0.25423644765593484
2479-BRAMR,0.4053816837995187
1641-RQDAY,0.5571352424627171
0817-HSUSE,0.5409157505539787
9127-QRZMH,0.2528507240259103
0106-GHRQR,0.38179069018972467
0856-NAOES,0.3879760743616914
9229-RQABD,0.24443163328249037
1544-JJMYL,0.267496814404035
0020-INWCK,0.27632490948678606
4007-NHVHI,0.41289627926378103
8874-EJNSR,0.23353561652707677
0235-KGSLC,0.6508406521006419
9150-HEPMB,0.2312133829374483
0506-YLVKJ,0.23501775813705794
3685-YLCMQ,0.36690837442651736
3671-SHRSP,0.5037607559862884
1573-LGXBA,0.321415306585564
6993-OHLXR,0.5515968868328853
0074-HDKDG,0.25699880705603934
5859-HZYLF,0.23732627615751725
4797-AXPXK,0.45849339665395855
2251-PYLPB,0.22966613605663694
8559-CIZFV,0.2662767109753063
5993-BQHEA,0.25289323809388986
4900-MSOMT,0.23421044909339767
3161-ONRWK,0.24188116908889548
5445-UTODQ,0.6005393664694181
9097-ZUBYC,0.3318185807707751
5651-WYIPH,0.3794409612773477
3722-WPXTK,0.6928522456652809
1265-ZFOSD,0.23488095486069033
7596-ZYWBB,0.2299391659777283
1955-IBMMB,0.2356112093250897
8361-LTMKD,0.5972620049532307
8807-OPMBM,0.2366375790703426
0867-MKZVY,0.42033788128240746
9822-OAOVB,0.5742359255127932
4536-PLEQY,0.5040890410587916
0523-VNGTF,0.34121826234174424
2474-LCNUE,0.34047803382744823
5183-SNMJQ,0.5169988026973683
0064-YIJGF,0.43820715180884245
7601-DHFWZ,0.23629971126479044
7493-TPUWZ,0.6784069676471449
0137-UDEUO,0.3380028948019639
1980-KXVPM,0.6042213200572703
3329-WDIOK,0.555241222233024
8041-TMEID,0.27959769554899433
6923-JHPMP,0.5648272633684736
5099-BAILX,0.42184379598104715
5469-NUJUR,0.2410687603188761
7940-UQQUG,0.312522090355161
6646-QVXLR,0.4054644681139792
5569-KGJHX,0.5820020495062613
4455-BFSPD,0.3307145188903088
6124-ACRHJ,0.40294181830622566
0734-OXWBT,0.43050773653112623
1580-BMCMR,0.47777072548044114
2027-CWDNU,0.43670297021807064
7826-VVKWT,0.36721421628063233
8402-EIVQS,0.30262178914595067
8780-YRMTT,0.22679752801387276
1708-PBBOA,0.26443090671534397
0679-IDSTG,0.6476516127955487
4335-BSMJS,0.23463078818471916
7465-ZZRVX,0.6344227064361617
8234-GSZYK,0.23849397413341852
3223-WZWJM,0.5148838511830653
9541-PWTWO,0.2600417557159301
1206-EHBDD,0.24180018442060291
0757-WCUUZ,0.24924729723906341
9115-YQHGA,0.3119411564593898
2680-XKKNJ,0.2653330641128504
9938-EKRGF,0.32890484044933493
2575-GFSOE,0.5162597735233342
1474-JUWSM,0.2773667236474712
0056-EPFBG,0.253754917199832
9258-CNWAC,0.21543862679084044
3744-ZBHON,0.3592972021460383
5641-DMBFJ,0.275852604087144
2428-ZMCTB,0.2919162335882188
2239-CGBUZ,0.25034659729863756
3316-UWXUY,0.30648697542141057
1094-BKOSX,0.2501017494554819
8755-OGKNA,0.2364833509925592
8630-QSGXK,0.261737276625021
2027-WKXMW,0.3985467563655103
7228-PAQPD,0.2959628907854023
4458-KVRBJ,0.23172170212920182
2625-TRCZQ,0.3728029216309649
0701-RFGFI,0.4702371578102971
3712-PKXZA,0.24095800249104332
5564-NEMQO,0.6387693287567625
4063-EIKNQ,0.2857983390427643
5680-LQOGP,0.24154282380068556
7816-VGHTO,0.2560721561656538
4988-IQIGL,0.6892677659333123
6870-ZWMNX,0.2339307183735943
7016-BPGEU,0.3433673671311098
1891-FZYSA,0.4456834959381141
3077-RSNTJ,0.308831796608855
1536-HBSWP,0.5264666494226136
5304-EFJLP,0.285841734751984
0812-WUPTB,0.5710932778299982
3191-CSNMG,0.632729331791969
7925-PNRGI,0.27746194607946983
8062-YBDOE,0.6469163182500942
7107-UBYKY,0.2848311104428133
4065-JJAVA,0.5024515549494665
0178-SZBHO,0.4195235061980831
5848-FHRFC,0.2322012116159233
2123-AGEEN,0.6011431302842024
7136-IHZJA,0.28631003458663196
5003-OKNNK,0.25162069482116256
1498-DQNRX,0.2604495506752867
9158-VCTQB,0.40224693950145607
5918-VUKWP,0.2502594884016331
1057-FOGLZ,0.2710225297661958
4903-CNOZC,0.28223473009405925
6270-OMFIW,0.3567681552009177
5707-ORNDZ,0.4126172559069033
9220-ZNKJI,0.26316139972403924
7858-GTZSP,0.5983213791875998
6685-GBWJZ,0.2493987228718558
9578-VRMNM,0.37605495656669263
5176-LDKUH,0.2839713435543591
5995-OIGLP,0.302764006345255
5129-HHMZC,0.25036677638504184
4854-SSLTN,0.2669271453733847
4121-AGSIN,0.2436765713491365
1320-REHCS,0.4440342171981971
5797-APWZC,0.6675233730714067
0516-VRYBW,0.2479744964016331
2558-BUOZZ,0.2946827619999018
5639-NTUPK,0.33974745419179586
2058-DCJBE,0.5463546096157817
9700-ISPUP,0.35866067177353933
0373-AIVNJ,0.2673447897878614
1904-WAJAA,0.25403049498754154
8064-RAVOH,0.5659921012948032
0231-LXVAP,0.5864081609264382
3758-CKOQL,0.3077743931012532
1042-HFUCW,0.27020448701849065
7908-QCBCA,0.6092536638097942
5049-MUBWG,0.278073473593835
2586-CWXVV,0.3186970616573673
9134-CEQMF,0.6180868177255682
3200-MNQTF,0.2309815189984293
7780-OTDSO,0.5678662630300665
1471-GIQKQ,0.5058656313131028
1389-WNUIB,0.2955880027114762
4513-CXYIX,0.2546281084053748
2987-BJXIK,0.23353707404241655
4546-FOKWR,0.49063680826640443
6348-SNFUS,0.22609864494368798
9639-BUJXT,0.23514856116262697
4013-GUXND,0.3761872206828613
2636-ALXXZ,0.6508757891591851
5389-FFVKB,0.4528083342302275
0928-JMXNP,0.6069844907086708
4176-RELJR,0.23514645135679657
1302-UHBDD,0.5084069029231153
0820-FNRNX,0.3049052942861503
9833-TGFHX,0.35515254309394906
6599-CEBNN,0.3734947299233781
8873-GLDMH,0.5528582901602601
0134-XWXCE,0.29030768538609253
8413-YNHNV,0.23754431717370428
0363-SVHYR,0.2345341978720265
7893-IXHRQ,0.382307170852695
2038-OEQZH,0.5582935207118409
0602-DDUML,0.23772742403734543
4174-LPGTI,0.2706522431106197
9139-TWBAS,0.2573279635180337
9728-FTTVZ,0.6456357791634344
8259-NFJTV,0.3485105291499441
7336-RLLRH,0.28194119467267736
6614-VBEGU,0.3254852809669338
7964-YESJC,0.28443129292953107
2972-YDYUW,0.2900000040982983
4636-TVXVG,0.2394800147158239
3714-NTNFO,0.4740653793208451
8118-LSUEL,0.5965499679172624
5832-TRLPB,0.29765636578852606
8043-PNYSD,0.22955768503056057
0031-PVLZI,0.3243683857110548
1725-MIMXW,0.4097044040147477
0786-IVLAW,0.35315883444293306
8992-JQYUN,0.6748671101862479
6121-VZNQB,0.41471250583292957
3717-FDJFU,0.24191059327624329
2342-CKIAO,0.34843390431922494
6861-OKBCE,0.2889081608609461
3736-BLEPA,0.30311361950641835
0723-FDLAY,0.2867659672556594
4389-UEFCZ,0.29226553600066435
0265-EDXBD,0.5058440894393241
6551-ZCOTS,0.2607448513698399
3423-HHXAO,0.25457136563248933
5600-PDUJF,0.39749490491827294
5857-TYBCJ,0.5179174353971397
1699-UOTXU,0.23802149278634865
4908-XAXAY,0.3026859254987521
8000-REIQB,0.6426534818864578
7026-YMSBE,0.2429647264406486
5777-ZPQNC,0.2678190872323673
1087-UDSIH,0.3643909012216217
1918-ZBFQJ,0.5073912698039525
1045-LTCYT,0.3018462008609461
7083-MIOPC,0.22625055744528558
8433-WXGNA,0.5307059724593827
9359-JANWS,0.23235403534221583
0722-TROQR,0.6303464195258789
2041-JIJCI,0.45201128205234287
0114-RSRRW,0.32098703106519094
0853-TWRVK,0.24747748090016258
6982-UQZLY,0.46927571611371216
6959-UWKHF,0.5751452594766214
0278-YXOOG,0.31391577660885506
9135-MGVPY,0.2374368734063841
2103-ZRXFN,0.5059205353751494
3045-XETSH,0.5923063493341874
8249-THVEC,0.24180136496519003
9848-JQJTX,0.3067870721532745
3511-APPBJ,0.3388129008417202
6485-QXWWE,0.23352689784696218
2916-BQZLN,0.45563804771249616
7898-PDWQE,0.22991960660209151
4452-ROHMO,0.24039936269165363
8344-WFMFH,0.3883975263151877
1061-PNTHC,0.348281396400399
4827-USJHP,0.3059730184736104
6496-JDSSB,0.5637536810434953
4999-IEZLT,0.23555274192888798
4795-WRNVT,0.276100420499692
4818-QIUFN,0.4924118914815023
1757-TCATG,0.24511167876526946
5268-DSMNQ,0.3323268861529895
1552-CZCLL,0.2601324126608203
9734-UYXQI,0.5472652604932878
5321-NTRKC,0.2475823585484266
7267-FRMJW,0.2349404881207371
0419-YAAPX,0.38492044324577157
0269-XFESX,0.24133344219158126
6654-QGBZZ,0.40778811648804386
2959-EEXWB,0.3285047296785357
5188-HGMLP,0.3873111449893093
2650-GYRYL,0.24874388892866214
8985-OOPOS,0.4301083358349667
0531-ZZJWQ,0.45642556106612714
1820-DJFPH,0.22845109657317084
8060-HIWJJ,0.23910081827148275
0151-ONTOV,0.5670578430416578
4957-SREEC,0.23063937725228692
1481-ZUWZA,0.3936978656126801
7407-SUJIZ,0.2569123875843776
6619-RPLQZ,0.23419702866619166
3285-UCQVC,0.3008589569747834
4873-ILOLJ,0.5141898923118703
7554-AKDQF,0.3935483039110556
6317-YPKDH,0.5120169262200265
6804-GDMOI,0.3221812629669415
5671-RQRLP,0.2757656193588617
8318-LCNBW,0.27327471717757257
2077-DDHJK,0.23055687445297476
6917-YACBP,0.3519593540524979
8603-IJWDN,0.7040902519823623
0898-XCGTF,0.378545336059787
9356-AXGMP,0.3602725959778037
1282-IHQAC,0.2804049835906908
1095-WGNGG,0.32364822727510895
8232-CTLKO,0.2609610363518601
6996-KNSML,0.6442492882543435
9840-EFJQB,0.5755181896965221
3646-ITDGM,0.23617753044710466
4295-YURET,0.2612147486949469
3352-RICWQ,0.24077519505528996
1658-TJVOA,0.5197202641698779
2645-QTLMB,0.5894722030382391
3948-XHGNA,0.3116492294602568
1150-FTQGN,0.28101083238328617
4707-YNOQA,0.24899702340014948
0674-EYYZV,0.5779998000553926
3810-DVDQQ,0.2231174296940862
0667-NSRGI,0.2652149990917915
9504-YAZWB,0.2333970552116462
8807-ARQET,0.363204667584549
6127-IYJOZ,0.5561629661013292
8806-EAGWC,0.4413343907253278
4626-OZDTJ,0.28420529271020484
8680-CGLTP,0.26597076950551235
5849-ASHZJ,0.24513144221981495
3372-CDXFJ,0.2506081073276559
7049-GKVZY,0.29794243493705536
0899-LIIBW,0.5038607849467762
4695-WJZUE,0.6819764913701135
1229-RCALF,0.3288056170808921
7326-RIGQZ,0.5351869023430545
9372-TXXPS,0.229789079334066
8875-AKBYH,0.5708203034903658
2800-QQUSO,0.468596628390316
0107-WESLM,0.4485954345725627
5609-CEBID,0.5616742141786341
9091-WTUUY,0.23464810782229448
5982-PSMKW,0.2556661800341606
2978-XXSOG,0.2984709407171626
5906-DVAPM,0.2630640219112831
8096-LOIST,0.38456237146530003
0999-QXNSA,0.4428720373782861
5445-PZWGX,0.28508357285669006
3563-SVYLG,0.22780923415740428
9227-YBAXE,0.24650556574703789
4291-TPNFG,0.23377827698875064
5016-ETTFF,0.38932161760890416
7633-MVPUY,0.2444055082225619
4283-FUTGF,0.5486313324161733
2592-YKDIF,0.38705175886467946
7240-FQLHE,0.4867405419095798
6778-JFCMK,0.293623169514382
0374-FIUCA,0.23243512712472958
0716-BQNDX,0.2844096391838937
3181-VTHOE,0.2519058258008959
7730-IUTDZ,0.37486038163692836
2115-BFTIW,0.3423934559371115
1031-IIDEO,0.6414834518907071
5854-KSRBJ,0.22860686169138275
0040-HALCW,0.2346322899016501
9420-LOJKX,0.5089149433028248
6384-VMJHP,0.23124459226468327
3500-RMZLT,0.4608239186390034
4446-BZKHU,0.4851421928963555
1086-LXKFY,0.6086397001734306
2180-DXNEG,0.6037901933918085
6418-PIQSP,0.24262107766472124
0122-OAHPZ,0.5776785317452516
3914-FDRHP,0.4910297821330194
8313-KTIHG,0.4447517571271488
2027-FECZV,0.6273846716034025
5593-SUAOO,0.28860639651540243
0218-QNVAS,0.33273603344896513
9223-UCPVT,0.6632834839804976
7130-CTCUS,0.35685226511122287
7571-YXDAD,0.5512664952543663
9031-ZVQPT,0.29148565693238804
1530-ZTDOZ,0.30851777708801137
3160-TYXLT,0.3134075826080766
8676-OOQEJ,0.4679629059843517
4826-DXMUP,0.2980674144595125
7508-KBIMB,0.25846735086417943
0956-SYCWG,0.2680964726869128
7330-WZLNC,0.6372405496176052
6574-MCOEH,0.3239112783906488
6374-AFWOX,0.23313382139561692
3845-FXCYS,0.39950282567068
3518-FSTWG,0.2764150451766664
2696-RZVZW,0.2313561509887803
7105-BENQF,0.2659167389826966
2668-TZSPS,0.3774806570464977
9250-WYPLL,0.5533439163298284
0347-UBKUZ,0.2844735031627854
2387-KDZQY,0.2506664799961256
8707-HOEDG,0.29719465067858325
8696-JKZNU,0.5051643658029605
5442-PPTJY,0.23792043269165364
0114-PEGZZ,0.4855043564802871
8439-LTUGF,0.30373466379246367
7606-BPHHN,0.22797579898610743
6101-IMRMM,0.5433681679770458
6873-UDNLD,0.3108762662130132
1247-QBVSH,0.2716867170268894
9600-NAXZN,0.5267059208738503
5781-RFZRP,0.23175879618430673
1626-ERCMM,0.5998906771964996
3428-MMGUB,0.3193420454712498
7654-YWJUF,0.25959185820999103
7590-VHVEG,0.6009744664234911
7854-EDSSA,0.299069681460736
0968-GSIKN,0.6048675547188851
6937-GCDGQ,0.27326980392009936
9631-XEYKE,0.478776326647285
4785-NKHCX,0.36196466311507025
4693-VWVBO,0.36020183850967463
3859-CVCET,0.4237255766383283
4078-SAYYN,0.6617963490432432
6050-FFXES,0.2880039166440618
6985-HAYWX,0.38512650683983424
4236-XPXAV,0.551587317801738
0877-SDMBN,0.34589849901102826
4480-MBMLB,0.4002584178808177
5519-YLDGW,0.5599963143813609
1682-VCOIO,0.24139893753155767
6253-WRFHY,0.37860367493922165
8044-BGWPI,0.312784986481726
5465-BUBFA,0.23950420896183133
5154-VEKBL,0.35804465316918543
4237-CLSMM,0.3386121061374068
0655-RBDUG,0.6434847013951621
3948-KXDUF,0.2295714491802475
2636-OHFMN,0.5415180658693876
7544-ZVIKX,0.3376022482281978
2055-SIFSS,0.3195067379308777
9661-MHUMO,0.4948534153045241
6567-HOOPW,0.6978136208588696
0723-DRCLG,0.689623729569676
9337-SRRNI,0.23286099866206328
6131-FOYAS,0.32974526123184256
7078-NVFAM,0.33511675861820234
2792-VPPET,0.38084429230885153
2789-HQBOU,0.6139110571000841
0613-WUXUM,0.2321851398921798
0701-TJSEF,0.3414434016421561
7114-AEOZE,0.23522470105140972
7979-CORPM,0.4566774144067112
9103-TCIHJ,0.3393712072602691
4827-LTQRJ,0.30077976780229354
1174-FGIFN,0.35124808471652885
3604-WLABM,0.37069410995675733
0870-VEMYL,0.3642473240728796
4211-MMAZN,0.37745538613740676
9313-CDOGY,0.2720794348889708
7072-MBHEV,0.5358212913260317
6481-OGDOO,0.2695835602543043
1195-OIYEJ,0.5857460170281722
4869-EPIUS,0.32669392505524664
1325-USMEC,0.26433396796386627
0508-SQWPL,0.2373897283294569
7966-YOTQW,0.35600396411716717
7813-TKCVO,0.24426611280428492
9917-KWRBE,0.2646745303690323
5394-SVGJV,0.40531190374979437
7167-PCEYD,0.23239847759765073
8466-PZBLH,0.2823295469409646
7096-UCLNH,0.3980082225010431
1245-HARPS,0.23978027832801727
3030-YZADT,0.3646218882136981
2480-JZOSN,0.41886529082830903
6388-TABGU,0.23535297256787654
4827-DPADN,0.24679963542713274
4913-EHYUI,0.33383738880087876
3450-WXOAT,0.30529282113033146
0484-FFVBJ,0.29964953641505804
6416-JNVRK,0.26505647583202313
5301-GAUUY,0.42330617146879607
0530-IJVDB,0.27469878581789875
1666-JXLKU,0.5489204426601938
4495-LHSSK,0.3018191992556591
6557-BZXLQ,0.45357381584738116
7964-ZRKKG,0.3217170092730142
7785-RDVIG,0.3308121920152116
1803-BGNBD,0.3485609958296404
8097-VBQTZ,0.2719371829887529
3452-GWUIN,0.6124431462874088
3301-LSLWQ,0.3515841555677736
6100-FJZDG,0.24734283340562752
6860-YRJZP,0.5877304963741802
3750-YHRYO,0.2527151103263384
7088-FBAWU,0.31470154002947914
8327-LZKAS,0.38403192901634536
5119-NZPTV,0.5548646224882076
8749-CLJXC,0.3980082225010431
8622-ZLFKO,0.6211385337416121
5382-SOYZL,0.5647133709314714
1167-OYZJF,0.2353156473064137
7018-FPXHH,0.23481309076900309
8495-PRWFH,0.3464237957496159
3466-WAESX,0.3530222096734035
7614-QVWQL,0.29104468341496664
6549-BTYPG,0.23520965720728834
5277-ZLOOR,0.6947057666405915
2410-CIYFZ,0.33150441886467946
7529-ZDFXI,0.44770860178046923
4847-TAJYI,0.6325142047671927
0620-DLSLK,0.5317100477354627
9776-OJUZI,0.42242777172285506
9715-SBVSU,0.2583895674147397
6393-WRYZE,0.5586884022109132
3404-JNXAX,0.3867744761519835
2057-ZBLPD,0.5384379196355905
7156-MXBJE,0.27958336661825317
0480-BIXDE,0.5593025280175394
8158-WPEZG,0.3953482892031718
6347-DCUIK,0.5142164847501337
4646-QZXTF,0.39534869956072155
7921-BEPCI,0.22160062815893075
1751-NCDLI,0.5605397969492271
0907-HQNTS,0.2709855429754433
1399-UBQIU,0.44472997397150876
1597-LHYNC,0.4891906734973848
8628-MFKAX,0.22421358505198602
7945-HLKEA,0.25384672974252953
4468-YDOVK,0.42313427946372756
9896-UYMIE,0.3189024979042626
4006-HKYHO,0.24113168082456704
6463-MVYRY,0.2533078625381012
3518-PZXZQ,0.541085265003999
9831-BPFRI,0.2956023711449036
2974-GGUXS,0.4901061474613627
6331-EWIEB,0.5451967243153684
8469-SNFFH,0.24898448198554624
7975-TZMLR,0.41107779163577063
5440-VHLUL,0.33859150223530554
5424-RLQLC,0.353256685525796
4418-LZMSV,0.29494801022647793
0644-OQMDK,0.5749879129352444
0883-EIBTI,0.3526222315919522
4632-PAOYU,0.24156431989519403
7566-DSRLQ,0.29174053147784257
1895-QTKDO,0.5045532137574518
4273-MBHYA,0.7000669183925536
9435-JMLSX,0.23544590096585713
2523-EWWZL,0.4365870703247422
5777-KJIRB,0.2582348859209199
1299-AURJA,0.23244430062514387
0440-EKDCF,0.23466496319639316
1334-FJSVR,0.5965231438406631
8930-XOTDP,0.3311697861884185
9367-WXLCH,0.5305744834324286
1385-TQOZW,0.31952524561064555
8272-ONJLV,0.44132824701252465
5914-DVBWJ,0.47503181624997887
7746-AWNQW,0.3111565609174627
8024-XNAFQ,0.25532889322093005
1455-ESIQH,0.6935145202107355
2892-GESUL,0.23840109043597893
7629-WFGLW,0.2805748703756814
1496-GGSUK,0.62620356362614
2924-KHUVI,0.3678054303172881
0080-OROZO,0.36392630601530535
3847-BAERP,0.3113458866219331
8840-DQLGN,0.4081285768636582
6198-ZFIOJ,0.5534879926934649
4872-JCVCA,0.22263053086152723
0485-ZBSLN,0.23118781989787116
5619-PTMIK,0.31105637752683907
2400-XIWIO,0.24031187870583778
2082-CEFLT,0.5696482285675304
3284-SVCRO,0.23513414252707676
7048-GXDAY,0.4821930436039404
8745-PVESG,0.24128352315316623
1635-FJFCC,0.4496544953862
9170-CCKOU,0.3594135294957921
3898-GUYTS,0.40193753468692106
8069-YQQAJ,0.3967475845398626
6942-LBFDP,0.38304319082830907
6719-FGEDO,0.2410279467305034
7030-FZTFM,0.264563182791031
0634-SZPQA,0.4317197951038747
7446-KQISO,0.30523402081832296
1810-MVMAI,0.28535538463270665
3519-ZKXGG,0.6295740126673955
4487-ZYJZK,0.2454291834925422
6568-POCUI,0.2947751821448561
3276-HDUEG,0.6424867712984944
9633-DENPU,0.2955782240589204
3963-RYFNS,0.2628763859349385
9224-VTYID,0.2435868712908997
9978-HYCIN,0.3241581989096354
2267-FPIMA,0.35428396758457265
9068-FHQHD,0.2380098229925592
7601-GNDYK,0.2343905581207371
3170-NMYVV,0.23741852408346828
7298-IZWLY,0.4299016531056569
8417-FMLZI,0.5323747702622837
0442-ZXKVS,0.34642765972903317
0887-WBJVH,0.3345441205607599
1228-FZFRV,0.36588391108468615
8605-ITULD,0.4009373437607711
7658-UYUQS,0.44449486109541037
3704-IEAXF,0.2279196926404932
8597-CWYHH,0.35636872107227785
5939-XAIXZ,0.33813901478270514
2805-AUFQN,0.23778487481074104
5329-KRDTM,0.23551736749174462
6176-YJWAS,0.25012794007607847
6137-MFAJN,0.3308344927932778
2834-JKOOW,0.245154328062466
1589-AGTLK,0.5174296645080658
4695-VADHF,0.35024515892079605
9450-TRJUU,0.47082894870418274
4648-YPBTM,0.24801242621806788
7549-MYGPK,0.38107824298798443
5038-ETMLM,0.2276915024213589
5453-AXEPF,0.4939880326353809
4381-MHQDC,0.2421400092502517
6212-ATMLK,0.5205120462965575
9714-EDSUC,0.48031999412413284
3086-RUCRN,0.31611513192875146
4012-ZTHBR,0.37958188660610964
4137-JOPHL,0.2620085846882608
4039-PIMHX,0.2495652636807462
8499-BRXTD,0.24380398080428495
5261-QSHQM,0.5734842015962427
6844-DZKRF,0.445808641969059
1702-CCFNJ,0.26094432159129655
7813-ZGGAW,0.4385065200299287
3717-OEAUQ,0.5148105785902728
8835-VSDSE,0.5948766247516531
1964-SVLEA,0.24961689901226317
3001-UNBTL,0.5816156445716849
9546-CQJSU,0.686196987961844
3373-YZZYM,0.36720826871580536
8166-ZZTFS,0.26663217373099357
5555-RNPGT,0.28444798897571727
8167-GJLRN,0.4891270768934426
6629-LADHQ,0.41419184375316265
1641-BYBTK,0.3193447209973313
1395-WSWXR,0.23445229702982803
8593-WHYHV,0.6559773992763657
4950-BDEUX,0.36521602620301613
3398-GCPMU,0.23964683408634282
8364-TRMMK,0.4904767955696569
3115-CZMZD,0.2507741645221049
4079-WWQQQ,0.2315611423908476
4937-QPZPO,0.39600025454156423
7663-RGWBC,0.5246039521283655
0254-KCJGT,0.26260616953841903
5845-BZZIB,0.23897039357528257
4310-KEDTB,0.33078477907179554
5628-FCGYG,0.529154294181045
7130-YXBRO,0.41220484949544695
8878-HMWBV,0.5070441554171567
0725-CXOTM,0.2924090585125919
9133-AYJZG,0.5052059288165796
5469-CTCWN,0.34969434292891827
6227-HWPWX,0.42219656980936515
7139-JZFVG,0.22703512093580683
0141-YEAYS,0.48189484156495727
3143-ILDAL,0.34723794848889583
4925-LMHOK,0.3154661387098823
5605-IYGFG,0.5004974904837062
7005-CCBKV,0.5684826496282153
5919-VCZYM,0.3394137006828613
6946-LMSQS,0.36884671405044606
5195-KPUNQ,0.28516835419373315
0872-JCPIB,0.3315334556829472
1930-BZLHI,0.24790716792135412
0479-HMSWA,0.31556879185076453
4926-UMJZD,0.2884862796939815
6838-YAUVY,0.27564314298670495
0608-JDVEC,0.24175169574016012
2157-MXBJS,0.3588216198670988
2533-TIBIX,0.364816124683685
9770-LXDBK,0.3373591929837821
4986-MXSFP,0.38007838901012725
6370-ZVHDV,0.23333321893787126
3810-PJUHR,0.22859544096411002
6075-SLNIL,0.42504793760334575
8123-QBNAZ,0.4383773804647657
0946-CLJTI,0.518279096949227
8661-BOYNW,0.24705004618502294
4847-QNOKA,0.5495625344774402
0971-QIFJK,0.2323949533524166
5505-OVWQW,0.2468914285081566
4994-OBRSZ,0.2602143154472729
1363-TXLSL,0.6399676855228215
4815-GBTCD,0.5719364197780609
4361-FEBGN,0.23533981971983195
4002-BQWPQ,0.29215917631424826
4385-GZQXV,0.5234910519353786
4043-MKDTV,0.28239383414465286
5519-NPHVG,0.6294621090432432
2672-OJQZP,0.49689951921626624
8016-NCFVO,0.3934221690296284
1163-VIPRI,0.2780832109593557
5180-UCIIQ,0.35693279278871537
3428-XZMAZ,0.6396945791634344
2371-JQHZZ,0.5574147113018224
2516-VQRRV,0.62035733841351
9565-JSNFM,0.2922496534628204
7855-DIWPO,0.4348119709923246
5302-BDJNT,0.3999038709660508
4844-JJWUY,0.6618904675197473
6776-TLWOI,0.32900080025650935
4816-JBHOV,0.5562734959624906
5054-IEXZT,0.6227304034649189
4032-RMHCI,0.24196027045500046
5177-RVZNU,0.245035947310724
7901-TBKJX,0.522159896949227
9411-TPQQV,0.27203179917745834
0637-UBJRP,0.4453406951957339
1492-KGETH,0.2503900376091907
0432-CAJZV,0.5748520770679548
5146-CBVOE,0.413322908597681
3799-ISUZQ,0.4975230886655244
3842-QTGDL,0.3779183348966363
1686-STUHN,0.24491545421981492
2794-XIMMO,0.28062410399994775
9174-IHETN,0.2670860868174935
3884-HCSWG,0.4746604535233342
4432-ADRLB,0.47752337012535717
4228-ZGYUW,0.6278987719234302
0639-TSIQW,0.35987349116632633
8080-DDEMJ,0.5535413091743336
7838-LAZFO,0.270572578226834
8329-UTMVM,0.39171253837706704
2150-OEGBV,0.24527683421981492
3935-TBRZZ,0.241899442918854
6402-ZFPPI,0.500612084595208
2867-UIMSS,0.6239229596010099
6275-YDUVO,0.601604126207107
4903-UYAVB,0.31282629799495526
3797-VTIDR,0.6090909838406632
3934-HXCFZ,0.4827962311304088
1154-HYWWO,0.2589704667948347
2123-VSCOT,0.25383300046943574
1976-AZZPJ,0.3468340659501156
5057-LCOUI,0.39252159625037464
0742-MOABM,0.38287451633066194
2676-ISHSF,0.3774616915919522
2486-WYVVE,0.30454284803969117
6034-ZRYCV,0.25984241996064705
1629-DQQVB,0.3288125809073221
2253-KPMNB,0.22516493968696638
5208-FVQKB,0.2237651140955108
6961-VCPMC,0.46740174093061565
0621-HJWXJ,0.36199922415448027
7295-JOMMD,0.6019012873494848
9053-JZFKV,0.27454807654893504
6599-RCLCJ,0.43194646079970433
2403-BCASL,0.34322777886598194
2580-ATZSQ,0.2340035626897581
7851-WZEKY,0.7054307533614411
5624-BQSSA,0.38587680613740677
1644-IRKSF,0.38769272693926166
5619-XZZKR,0.2647054530019168
6169-PGNCD,0.24301407828691196
4530-NDRKU,0.258169798922509
4501-VCPFK,0.3208643237980964
3594-UVONA,0.2925195288829147
8337-UPOAQ,0.6147269572645941
2603-HVKCG,0.4998731102267301
0897-FEGMU,0.6593237272250614
1731-TVIUK,0.5707014318837305
1092-GANHU,0.48223828708603367
1728-BQDMA,0.5148114687036054
8510-BBWMU,0.24572240264862683
6603-YRDCJ,0.2388224728002937
2521-NPUZR,0.24477374752044936
6848-HJTXY,0.23289332181253627
5161-XEUVX,0.2779688361804102
7291-CDTMJ,0.42621350432669786
3765-JXVKY,0.6341497234649188
7718-UPSKJ,0.30812295552938906
4654-DLAMQ,0.26693959535833894
2108-XWMPY,0.4610302487999405
1755-FZQEC,0.24096166789519402
3212-KXOCR,0.235881308810741
6901-GOGZG,0.267921708773271
1178-PZGAB,0.2486537902198149
2072-ZVJJX,0.2319358355342348
6016-NXBNJ,0.2453198992666927
5816-QVHRX,0.41003244738615807
4465-VDKIQ,0.40506125155918615
2988-PLAHS,0.45578751948463014
2302-ANTDP,0.3724190168246871
3319-DWOEP,0.6328014793126471
9026-RNUJS,0.4661595839305096
9822-WMWVG,0.4071729391533614
6353-BRMMA,0.39432587494999244
8397-MVTAZ,0.5555542826601938
5456-ITGIC,0.23533628824380984
1043-YCUTE,0.2360158067067063
7268-WNTCP,0.23207227499992467
0233-FTHAV,0.27309034224543993
0541-FITGH,0.46652548767838903
1386-ZIKUV,0.327711641228294
8042-JVNFH,0.5950884492643396
4274-DRSQT,0.31915192200028697
1722-LDZJS,0.24365198240163313
2685-SREOM,0.5099154693648834
5828-AVIPD,0.4388969909020348
8642-GVWRF,0.5489196959723567
1866-NXPSP,0.2634139175788338
8205-MQUGY,0.3821217164194705
2277-DJJDL,0.42373446681723304
5167-GBFRE,0.5903940067484882
7636-OWBPG,0.4587696862212978
4184-VODJZ,0.32998934260486734
1085-LDWAM,0.24128865257511858
8087-LGYHQ,0.6003162915736268
8263-JQAIK,0.5991707818079584
0570-BFQHT,0.4763721802840069
7997-EASSD,0.2637631910880232
2234-XADUH,0.3300994306725188
4701-LKOZD,0.2415569747280703
4598-XLKNJ,0.5308074498758953
5327-CNLUQ,0.2761007477154889
0572-ZJKLT,0.2595618676956132
1218-VKFPE,0.2816886180459409
1429-UYJSV,0.25040196087179295
6447-GORXK,0.32110314593850314
8075-GXIUB,0.27176188970475357
9912-OMZDS,0.3985890022794575
7240-ETPTR,0.5245327788004138
8564-LDKFL,0.40495784697172676
8608-OZTLB,0.27040907514466755
9330-DHBFL,0.2546030991794964
3961-SXAXY,0.5446109908410766
0023-XUOPT,0.525404760963239
9743-DQKQW,0.5549350120787397
4350-ZTLPI,0.35642336569414784
2088-IEBAU,0.25029659108013863
5317-FLPJF,0.24335518747931584
2430-USGXP,0.5820256476654586
2208-NKVVH,0.2331024901634404
2967-MXRAV,0.2572456322622563
1842-EZJMK,0.38041411000161834
0229-LFJAF,0.2233544385624409
0107-YHINA,0.7363560842705319
0139-IVFJG,0.5100747328234113
9272-LSVYH,0.41793116205459885
7079-QRCBC,0.5745408385745495
3091-FYHKI,0.6505477366783844
0196-VULGZ,0.6497880085666241
9227-UAQFT,0.23872144087347183
3094-JOJAI,0.40484089288185815
8999-BOHSE,0.5499770277933139
5120-ZBLAI,0.2873605297207882
6313-GIDIT,0.4082972485984847
7801-KICAO,0.5110609071333237
8566-YPRGL,0.4326937462398987
5955-ERIHD,0.5865374109314714
0564-JJHGS,0.6441422544977886
7064-JHXCE,0.2310852499090156
5197-PYEPU,0.3021780422058403
3798-EPWRR,0.5339001951879886
2720-WGKHP,0.7096759595797547
7534-BFESC,0.5215054578707188
4289-DTDKW,0.540402093601123
6067-NGCEU,0.3725575964279129
7325-ENZFI,0.24520386915275025
1608-GMEWB,0.5125634306933368
2359-KLTEK,0.44579841751178423
1270-XKUCC,0.23651059866619162
6906-ANDWJ,0.5107840555391318
6030-REHUX,0.515888333190917
8902-ZEOVF,0.24066403189519403
5712-AHQNN,0.4266799039424504
3258-SYSWS,0.258207850041705
1376-HHBDV,0.29629038206567054
8752-GHJFU,0.259475581895964
6424-ELEYH,0.5764637455177477
8612-GXIDD,0.24448503740623317
4712-UYOOI,0.28274489634351624
3498-LZGQZ,0.23160662527989614
4950-HKQTE,0.237170863799804
8901-UPRHR,0.2800191994787738
5393-RXQSZ,0.6290366698714033
6261-RCVNS,0.2617394400394297
0607-MVMGC,0.2825676791887407
5149-TGWDZ,0.37136018829232825
4826-XTSOH,0.7184600120951369
4589-IUAJB,0.23128777607968937
8757-TFHHJ,0.46908442648493937
1297-VQDRP,0.32850142578598995
7000-WCEVQ,0.3979467181497608
6303-KFWSL,0.2823876708911133
1334-PDUKM,0.27318840993944055
3904-UKFRE,0.5480608611283173
7488-MXJIV,0.6641847410288431
0840-DFEZH,0.5791702408361609
5339-TJFEK,0.4038523448587496
1080-BWSYE,0.23438118830210447
0362-RAOQO,0.23742492662892284
3627-FCRDW,0.4811449685318697
6365-MTGZX,0.4500591335451919
4855-SNKMY,0.5712098594766213
4634-JLRJT,0.41979530719194547
2320-SLKMB,0.33494542238241415
1066-JKSGK,0.4015475079555885
4713-LZDRV,0.6372738366330761
2894-QOJRX,0.383530150652856
5760-FXFVO,0.4875427773895324
9640-ZSLDC,0.25997642881184474
0871-URUWO,0.5995052857997202
2545-LXYVJ,0.22587119217255833
2858-EIMXH,0.39452607709289206
9878-TNQGW,0.6283031058743843
8395-ETZKQ,0.2490279319103527
7581-EBBOU,0.2543754546388107
6630-UJZMY,0.6740033566395768
0330-IVZHA,0.5123367156715334
8617-ENBDS,0.5301964539976871
4719-UMSIY,0.3008018056997641
2541-YGPKE,0.2582092867311015
6261-LHRTG,0.3080573110763966
2874-YXVVA,0.43473764717406366
5748-RNCJT,0.3066651829086166
0980-FEXWF,0.2561067392320463
7450-NWRTR,0.6645700113811769
0106-UGRDO,0.24720678768006854
7752-XUSCI,0.4808807692599919
9114-VEPUF,0.2945161395084539
8063-GBATB,0.5492607779911334
9552-TGUZV,0.45075230480503864
7471-MQPOS,0.26147286946165266
3154-HMWUU,0.2333039379432256
3295-YVUSR,0.6084653547771465
4860-IJUDE,0.41883796494458875
8823-RLPWL,0.23378927136471817
9631-RXVJM,0.23563719207234257
2770-NSVDG,0.37358244947635516
5356-KZCKT,0.2353488287067063
1208-DNHLN,0.28582815811366546
8992-CEUEN,0.3627659857219547
0354-VXMJC,0.23552052553801375
8802-UNOJF,0.45939631730260777
0876-WDUUZ,0.5285367814448527
4531-AUZNK,0.28465621711411365
7379-FNIUJ,0.5496535315099038
9948-YPTDG,0.3722864589027883
7564-GHCVB,0.23659829379367914
4647-MUZON,0.5079638907979275
9506-UXUSK,0.4840681644324251
6360-SVNWV,0.3874267199215368
5136-KCKGI,0.34642785842231366
7673-LPRNY,0.3236583785934826
4024-CSNBY,0.256554915275958
0621-TSSMU,0.24242402840163313
3606-TWKGI,0.6492762387581902
6608-QQLVK,0.5683030285675305
7706-YLMQA,0.23833647381430645
3275-RHRNE,0.277506248410002
2135-RXIHG,0.5696611012948031
3889-VWBID,0.23903824133817725
8109-YUOHE,0.25170324763349683
8456-QDAVC,0.4714954509592227
3643-AHCFP,0.6569314007809133
7250-EQKIY,0.49750394285262994
3070-FNFZQ,0.23780120953801376
0643-OKLRP,0.4002823039426637
0224-NIJLP,0.23841188014619907
0804-XBFBV,0.4354514780088749
8133-ANHHJ,0.29702937828288123
2001-MCUUW,0.30972044940809795
1098-TDVUQ,0.4306653665104608
0963-ZBDRN,0.44330371227434795
9602-WCXPI,0.24340957531072402
7665-TOALD,0.6459996518907071
6029-CSMJE,0.3936006703502041
5006-MXVRN,0.23696057299255924
9842-EFSYY,0.4240423792868942
4702-HDRKD,0.24084895174769289
2509-TFPJU,0.22641158325655003
6655-LHBYW,0.3244706700262221
1685-VAYJF,0.3676995322285273
9837-BMCLM,0.6279136445192417
2576-HXMPA,0.38754071388529593
5799-JRCZO,0.23296247536356107
3347-YJZZE,0.31421041533974187
1501-SGHBW,0.47787101341076316
3774-VBNXY,0.23008745121237878
8405-IGQFX,0.277189642969952
2831-EBWRN,0.4927694899626112
1049-FYSYG,0.39694247529010257
7503-MIOGA,0.23945863590452465
9124-LHCJQ,0.6786520635577721
3407-JMJQQ,0.27702854755105827
0795-GMVQO,0.3137713535545464
1907-UBQFC,0.5184392360081069
8404-VLQFB,0.3130663450549751
5960-MVTUK,0.5243620193965686
1069-QJOEE,0.25596853867843616
5201-CBWYG,0.2403883977511042
4304-TSPVK,0.27171578804752916
2688-BHGOG,0.5791055646175552
2305-MRGLV,0.3174141269591261
3703-VAVCL,0.5120267607771027
5997-OPVFA,0.23894205121559958
1784-EZDKJ,0.39941996697172677
7399-QHBJS,0.2275503623806227
5956-VKDTT,0.6245466013440606
1657-DYMBM,0.23471562499255919
0744-BIKKF,0.2344322578720265
3014-WJKSM,0.3733420442504761
1379-FRVEB,0.5401544975116281
2960-NKRSO,0.363415613208087
0886-QGENL,0.5007548582985363
2040-LDIWQ,0.24587019245326175
5965-GGPRW,0.2750828283337714
9432-RUVSL,0.2866959265676165
4778-IZARL,0.2764640708019496
6733-LRIZX,0.3184590037363604
3374-TTZTK,0.2971383852279782
1113-IUJYX,0.38467871474961746
5266-PFRQK,0.24496293995108204
0475-RIJEP,0.43201303084710724
4765-OXPPD,0.2968531243589423
1169-SAOCL,0.362101203875966
3088-FVYWK,0.2345131567193359
6439-LAJXL,0.3237606308410513
7927-AUXBZ,0.3973095976780031
9408-HRXRK,0.45102999269484945
1089-XZWHH,0.2393363628643307
5203-XEHAX,0.2700091153371972
0516-QREYC,0.305419402602779
8350-NYMVI,0.28405800589858754
2187-LZGPL,0.4583636649533457
0689-DSXGL,0.2937037677930694
3413-CSSTH,0.31356113029527444
9351-LZYGF,0.28886391194753547
2878-DHMIN,0.25971999504207255
1374-DMZUI,0.6963816195473658
3199-XGZCY,0.5709009862907062
4623-ZKHLY,0.27345023007357544
7033-CLAMM,0.23759653481074106
9108-EQPNQ,0.24145037543723843
4633-MKHYU,0.5771752935542616
2676-OXPPQ,0.37174208079544785
3181-MIZBN,0.29246777613186303
2604-XVDAM,0.36548992859216367
5294-IMHHT,0.29031253491576736
9912-GVSEQ,0.5428150420369174
2360-RDGRO,0.41856746071729695
2706-QZIHY,0.24008576478513255
7025-WCBNE,0.2538582014376142
9685-WKZGT,0.5696278636469074
4608-LCIMN,0.39883228859216363
9355-NPPFS,0.49584216599643854
8519-QJGJD,0.4516272048955061
8166-ORCHU,0.29391582545956757
3546-GHEAE,0.24180566252207678
2722-VOJQL,0.3348508403201627
8347-GDTMP,0.2328785852670817
5372-FBKBN,0.2627846224934685
3057-VJJQE,0.23749137931250766
3445-HXXGF,0.3785253872138495
5940-AHUHD,0.5547470430416579
9725-SCPZG,0.6922867511198264
7950-XWOVN,0.3565287391043964
0301-KOBTQ,0.2393675912385478
9221-OTIVJ,0.643134240576372
6818-DJXAA,0.5227831179944449
8904-OPDCK,0.3743209905500617
9850-OWRHQ,0.5758773055177479
2249-YPRNG,0.520953174271125
2809-ZMYOQ,0.5591685517511028
7209-JCUDS,0.5918525443008994
3384-CTMSF,0.5192205772374866
2203-GHNWN,0.4345718950493226
1447-PJGGA,0.327746032906522
5520-FVEWJ,0.5411968326239294
6806-YDEUL,0.3651758685696157
3551-HUAZH,0.6880719659333122
3724-UCSHY,0.2977361220634005
3198-VELRD,0.6388189715701356
6116-RFVHN,0.5586578426601938
3569-EDBPQ,0.3975335110955807
5893-PYOLZ,0.24619513211360267
4250-FDVOU,0.3484539959510918
9453-PATOS,0.23038961882727238
4183-WCSEP,0.3550774341128955
5380-AFSSK,0.6500729112703207
0848-SOMKO,0.229647075146679
9278-VZKCD,0.4669436431798323
0019-GFNTW,0.2268570741761118
9142-KZXOP,0.32547788077848927
4488-KQFDT,0.40597809912161936
6967-PEJLL,0.26964897889138495
7503-ZGUZJ,0.6814078369679871
3178-CIFOT,0.24994042322380933
6227-FBDXH,0.34273161693675375
3258-ZKPAI,0.22376536423954074
8784-CGILN,0.5031032102138918
2398-YPMUR,0.5088490320591593
6425-JWTDV,0.23381778152688804
1228-ZLNBX,0.38130998379094905
1038-ZAGBI,0.2534693444575262
6478-HRRCZ,0.25609092529566335
6680-WKXRZ,0.5560716015323027
2882-WDTBA,0.237500065817555
4819-HJPIW,0.33913407807060947
8220-OCUFY,0.2842994464315672
1680-VDCWW,0.25299205263934443
5793-YOLJN,0.23277014475582253
6016-LVTJQ,0.25792097340255943
2911-WDXMV,0.446529735445206
5876-QMYLD,0.2411938755315577
9788-HNGUT,0.30760369838374496
1110-KYLGQ,0.3364794843045378
0961-ZWLVI,0.32847990463639354
3957-HHLMR,0.24327571977775442
6688-UZPWD,0.6439607106290901
0480-KYJVA,0.22705107471109548
7595-EUIVN,0.5918525351510675
9643-AVVWI,0.5440474480495339
3282-ZISZV,0.28035820548871687
3165-HDOEW,0.5260763521283656
1452-UZOSF,0.2531261930421024
1095-JUDTC,0.42658269177899205
0048-PIHNL,0.24339260676526947
7479-NITWS,0.5756389949608067
6467-CHFZW,0.49953987360112295
4123-DVHPH,0.5395676760959103
8999-XXGNS,0.36077665717174956
5652-MSDEY,0.5270168302046792
4123-FCVCB,0.3617828294848013
6633-MPWBS,0.44195537214129116
6986-IXNDM,0.5756131724770226
4129-LYCOI,0.2942720239798713
1635-NZATJ,0.2305402961627499
5868-YWPDW,0.5875686929238211
9795-VOWON,0.3662115577596596
9699-UBQFS,0.45826842721628946
3884-UEBXB,0.2266107497986843
3791-LGQCY,0.4919008706933368
5642-MHDQT,0.2461910804965366
8963-MQVYN,0.2942828655359936
0970-QXPXW,0.4028258983062257
9835-ZIITK,0.3506197904598773
5655-JSMZM,0.5596130969492271
6865-JZNKO,0.2961465634701552
4143-OOBWZ,0.6098876979426066
3278-FSIXX,0.5202161194010928
6729-GDNGC,0.46237127200450134
5647-FXOTP,0.4944080440748707
1265-XTECC,0.2925741996277662
5057-RKGLH,0.24007166560074453
9903-LYSAB,0.5120268198605964
1447-GIQMR,0.6394258882543435
6469-MRVET,0.33200212480688207
5349-AZPEW,0.43521514427244895
5419-CONWX,0.6228826959457917
8735-SDUFN,0.23198365943547716
5985-TBABQ,0.28047828268520747
7878-JGDKK,0.4137413857292374
8701-DGLVH,0.23250516448437344
8779-YIQQA,0.24450518934973953
2165-VOEGB,0.3165017497226885
2371-JUNGC,0.28381225407187627
2453-SAFNS,0.26894995389384657
0409-WTMPL,0.33522579428321714
2308-STERM,0.34900894315605024
2303-PJYHN,0.3572623657734943
6641-XRPSU,0.36316617515956706
3082-WQRVY,0.26180246681158414
9261-WDCAF,0.43132305919071734
9489-UTFKA,0.38118079083603323
7389-KBFIT,0.5155136462552469
7740-KKCXF,0.32425045539950625
7398-HPYZQ,0.23611170914475377
8099-MZPUJ,0.2803330488344919
7218-HKQFK,0.6002324079130084
1465-VINDH,0.5717666267894751
7293-LSCDV,0.23799192042481176
1159-WFSGR,0.297393056131863
2792-LSHWX,0.5328009060887585
7750-EYXWZ,0.3075100384860495
6339-TBELP,0.24669192037010282
8606-CIQUL,0.21944487996107692
1921-KYSAY,0.28991794676079
7517-LDMPS,0.5337528706240692
6072-NUQCB,0.24575368694708766
9529-OFXHY,0.4895396686694879
8205-OTCHB,0.30623662447867905
6371-NZYEG,0.25126810290548557
8670-ERCJH,0.22183839588174956
8591-NXRCV,0.30779032807191287
4132-KALRO,0.6247325614563756
3633-CDBUW,0.3082418759400655
5338-YHWYT,0.2416081105140347
2235-ZGKPT,0.4213750570754913
5968-VXZLG,0.5263089488341912
9560-BBZXK,0.2382627697352426
6549-NNDYT,0.38050275377459414
8384-FZBJK,0.4781968863283957
0191-EQUUH,0.23751936118477723
3079-BCHLN,0.24384450003799674
2525-GVKQU,0.23249165388172247
6173-GOLSU,0.456567407508652
2498-XLDZR,0.24378044366024787
4088-YLDSU,0.36967233780487885
3227-WLKLI,0.24246878188754806
8069-RHUXK,0.2292346765579359
2862-PFNIK,0.6105816129315722
8685-WHQPW,0.48576239966478335
2364-UFROM,0.2756945121792166
6885-PKOAM,0.2358360418720265
5110-CHOPY,0.26915334892579856
5360-XGYAZ,0.23031115039084754
8450-LUGUK,0.23843551464418802
7795-CFOCW,0.23953380439904406
0396-HUJBP,0.35004086133786844
3892-NXAZG,0.22190061333044986
3957-SQXML,0.2373307901334185
4897-QSUYC,0.4462333690101273
